<?xml version="1.0" encoding="UTF-8"?>
<schemalist gettext-domain="gsettings-ubuntu-touch-schemas">
    <schema path="/com/ubuntu/notifications/hub/" id="com.ubuntu.notifications.hub">
		<key type="a(ss)" name="blacklist">
			<summary>User blacklist of application notifications</summary>
			<default>[]</default>
			<description>A list of applications that the user has blocked notifications from. For applications that are installed via Click packaging the strings are the name of the package and then the name of the application in the package. For dpkg based applications the strings are both the AppID of the application, or the desktop file name.</description>
		</key>
    </schema>
</schemalist>