<?xml version="1.0" encoding="UTF-8"?>
<schemalist gettext-domain="gsettings-ubuntu-touch-schemas">
    <enum id="com.ubuntu.system.ScreenOrientation">
      <value value="0" nick="none"/>
      <value value="1" nick="PrimaryOrientation"/>
      <value value="2" nick="LandscapeOrientation"/>
      <value value="3" nick="PortraitOrientation"/>
      <value value="4" nick="InvertedLandscapeOrientation"/>
      <value value="5" nick="InvertedPortraitOrientation"/>
    </enum>
    <schema path="/com/ubuntu/touch/system/" id="com.ubuntu.touch.system">
    <key type="b" name="rotation-lock">
      <default>false</default>
      <summary>Lock rotation</summary>
      <description>Deprecated.</description>
    </key>
    <key name="orientation-lock" enum="com.ubuntu.system.ScreenOrientation">
      <default>"none"</default>
      <summary>Orientation lock</summary>
      <description>Locks orientation to a specific value.</description>
    </key>
    <key type="i" name="brightness">
      <default>80</default>
      <summary>Brightness level</summary>
      <description>The brightness setting specified by the user.</description>
    </key>
    <key type="b" name="brightness-needs-hardware-default">
      <default>true</default>
      <summary>Brightness hardware default flag.</summary>
      <description>A first-session flag denoting that 'brightness' needs to be initialized to that hardware's default level.</description>
    </key>
    <key type="b" name="auto-brightness">
      <default>false</default>
      <summary>Automatic brightness</summary>
      <description>Whether the device should adjust brightness automatically based on ambient light levels.</description>
    </key>
    <key type="u" name="activity-timeout">
      <range min="0" max="3600"/>
      <default>60</default>
      <summary>Timeout in seconds for turning off the screen if there is no user activity. A value of 0 disables it.</summary>
    </key>
    <key type="u" name="dim-timeout">
      <range min="0" max="3600"/>
      <default>45</default>
      <summary>Timeout in seconds for dimming the screen if there is no user activity. A value of 0 disables auto-dimming.</summary>
    </key>
    <key type="a{ss}" name="fingerprint-names">
        <summary>Fingerprint names</summary>
        <default>{}</default>
        <description>Mapping of unique fingerprint ids to names set by the user.</description>
    </key>
  </schema>
</schemalist>