
<!-- This file is generated by glib-mkenums, do not modify it. This code is licensed under the same license as the containing project. Note that it links to GLib, so must comply with the LGPL linking clauses. -->

<schemalist>
  <flags id='org.gnome.gedit.GeditLockdownMask'>
    <value nick='command-line' value='1'/>
    <value nick='printing' value='2'/>
    <value nick='print-setup' value='4'/>
    <value nick='save-to-disk' value='8'/>
  </flags>
  <flags id='org.gnome.gedit.GeditDebugSection'>
    <value nick='no-debug' value='0'/>
    <value nick='debug-view' value='1'/>
    <value nick='debug-prefs' value='2'/>
    <value nick='debug-window' value='4'/>
    <value nick='debug-panel' value='8'/>
    <value nick='debug-plugins' value='16'/>
    <value nick='debug-tab' value='32'/>
    <value nick='debug-document' value='64'/>
    <value nick='debug-commands' value='128'/>
    <value nick='debug-app' value='256'/>
    <value nick='debug-utils' value='512'/>
    <value nick='debug-metadata' value='1024'/>
  </flags>
  <flags id='org.gnome.gedit.GeditFileChooserFlags'>
    <value nick='save' value='1'/>
    <value nick='open' value='2'/>
    <value nick='enable-encoding' value='4'/>
    <value nick='enable-line-ending' value='8'/>
    <value nick='enable-default-filters' value='16'/>
  </flags>
  <enum id='org.gnome.gedit.GeditNotebookShowTabsModeType'>
    <value nick='never' value='0'/>
    <value nick='auto' value='1'/>
    <value nick='always' value='2'/>
  </enum>
  <enum id='org.gnome.gedit.ListType'>
    <value nick='recent-files-list' value='0'/>
    <value nick='home-dir-list' value='1'/>
    <value nick='desktop-dir-list' value='2'/>
    <value nick='local-bookmarks-dir-list' value='3'/>
    <value nick='file-browser-root-dir-list' value='4'/>
    <value nick='active-doc-dir-list' value='5'/>
    <value nick='current-docs-list' value='6'/>
    <value nick='list-type-num-of-lists' value='7'/>
  </enum>
  <enum id='org.gnome.gedit.GeditOpenDocumentSelectorStoreError'>
    <value nick='range' value='0'/>
  </enum>
  <enum id='org.gnome.gedit.GeditPrintJobStatus'>
    <value nick='paginating' value='0'/>
    <value nick='drawing' value='1'/>
  </enum>
  <enum id='org.gnome.gedit.GeditPrintJobResult'>
    <value nick='ok' value='0'/>
    <value nick='cancel' value='1'/>
    <value nick='error' value='2'/>
  </enum>
  <enum id='org.gnome.gedit.GeditTabState'>
    <value nick='state-normal' value='0'/>
    <value nick='state-loading' value='1'/>
    <value nick='state-reverting' value='2'/>
    <value nick='state-saving' value='3'/>
    <value nick='state-printing' value='4'/>
    <value nick='state-print-previewing' value='5'/>
    <value nick='state-showing-print-preview' value='6'/>
    <value nick='state-generic-not-editable' value='7'/>
    <value nick='state-loading-error' value='8'/>
    <value nick='state-reverting-error' value='9'/>
    <value nick='state-saving-error' value='10'/>
    <value nick='state-generic-error' value='11'/>
    <value nick='state-closing' value='12'/>
    <value nick='state-externally-modified-notification' value='13'/>
    <value nick='num-of-states' value='14'/>
  </enum>
  <flags id='org.gnome.gedit.GeditWindowState'>
    <value nick='normal' value='0'/>
    <value nick='saving' value='2'/>
    <value nick='printing' value='4'/>
    <value nick='loading' value='8'/>
    <value nick='error' value='16'/>
  </flags>
</schemalist>

<!-- Generated data ends here -->

