
<!-- This file is generated by glib-mkenums, do not modify it. This code is licensed under the same license as the containing project. Note that it links to GLib, so must comply with the LGPL linking clauses. -->

<schemalist>
  <enum id="org.gnome.eog.EogTransparencyStyle">
    <value nick="background" value="0"/>
    <value nick="checked" value="1"/>
    <value nick="color" value="2"/>
  </enum>
  <enum id="org.gnome.eog.EogZoomMode">
    <value nick="free" value="0"/>
    <value nick="shrink-to-fit" value="1"/>
  </enum>
  <enum id="org.gnome.eog.EogWindowMode">
    <value nick="unknown" value="0"/>
    <value nick="normal" value="1"/>
    <value nick="fullscreen" value="2"/>
    <value nick="slideshow" value="3"/>
  </enum>
  <enum id="org.gnome.eog.EogWindowGalleryPos">
    <value nick="bottom" value="0"/>
    <value nick="left" value="1"/>
    <value nick="top" value="2"/>
    <value nick="right" value="3"/>
  </enum>
  <enum id="org.gnome.eog.EogWindowError">
    <value nick="control-not-found" value="0"/>
    <value nick="ui-not-found" value="1"/>
    <value nick="no-persist-file-interface" value="2"/>
    <value nick="io" value="3"/>
    <value nick="trash-not-found" value="4"/>
    <value nick="generic" value="5"/>
    <value nick="unknown" value="6"/>
  </enum>
  <flags id="org.gnome.eog.EogStartupFlags">
    <value nick="fullscreen" value="1"/>
    <value nick="slide-show" value="2"/>
    <value nick="disable-gallery" value="4"/>
    <value nick="single-window" value="8"/>
  </flags>
</schemalist>

<!-- Generated data ends here -->

