<?xml version="1.0" encoding="UTF-8"?>
<schemalist>
  <schema gettext-domain="gnome-settings-daemon" id="org.gnome.settings-daemon.plugins" path="/org/gnome/settings-daemon/plugins/">
    <key name="whitelisted-plugins" type="as">
      <default>['all']</default>
      <summary>List of plugins that are allowed to be loaded</summary>
      <description>
        A list of strings representing the plugins that are allowed to be loaded (default: “all”).
        This is only evaluated on startup.
      </description>
    </key>
    <child name="a11y-keyboard" schema="org.gnome.settings-daemon.plugins.a11y-keyboard"/>
    <child name="a11y-settings" schema="org.gnome.settings-daemon.plugins.a11y-settings"/>
    <child name="background" schema="org.gnome.settings-daemon.plugins.background"/>
    <child name="clipboard" schema="org.gnome.settings-daemon.plugins.clipboard"/>
    <child name="color" schema="org.gnome.settings-daemon.plugins.color"/>
    <child name="cursor" schema="org.gnome.settings-daemon.plugins.cursor"/>
    <child name="datetime" schema="org.gnome.settings-daemon.plugins.datetime"/>
    <child name="gsdwacom" schema="org.gnome.settings-daemon.plugins.gsdwacom"/>
    <child name="housekeeping" schema="org.gnome.settings-daemon.plugins.housekeeping"/>
    <child name="keyboard" schema="org.gnome.settings-daemon.plugins.keyboard"/>
    <child name="media-keys" schema="org.gnome.settings-daemon.plugins.media-keys"/>
    <child name="mouse" schema="org.gnome.settings-daemon.plugins.mouse"/>
    <child name="orientation" schema="org.gnome.settings-daemon.plugins.orientation"/>
    <child name="power" schema="org.gnome.settings-daemon.plugins.power"/>
    <child name="print-notifications" schema="org.gnome.settings-daemon.plugins.print-notifications"/>
    <child name="remote-display" schema="org.gnome.settings-daemon.plugins.remote-display"/>
    <child name="screensaver-proxy" schema="org.gnome.settings-daemon.plugins.screensaver-proxy"/>
    <child name="sharing" schema="org.gnome.settings-daemon.plugins.sharing"/>
    <child name="smartcard" schema="org.gnome.settings-daemon.plugins.smartcard"/>
    <child name="sound" schema="org.gnome.settings-daemon.plugins.sound"/>
    <child name="xrandr" schema="org.gnome.settings-daemon.plugins.xrandr"/>
    <child name="xsettings" schema="org.gnome.settings-daemon.plugins.xsettings"/>
  </schema>
  <schema gettext-domain="gnome-settings-daemon" id="org.gnome.settings-daemon.plugins.a11y-keyboard" path="/org/gnome/settings-daemon/plugins/a11y-keyboard/">
   <key name="priority" type="i">
      <default>0</default>
      <summary>Priority to use for this plugin</summary>
      <description>Priority to use for this plugin in unity-settings-daemon startup queue</description>
    </key>
    <key name="active" type="b">
      <default>true</default>
      <summary>Activation of this plugin</summary>
      <description>Whether this plugin would be activated by unity-settings-daemon or not</description>
    </key>
  </schema>
  <schema gettext-domain="gnome-settings-daemon" id="org.gnome.settings-daemon.plugins.a11y-settings" path="/org/gnome/settings-daemon/plugins/a11y-settings/">
   <key name="priority" type="i">
      <default>0</default>
      <summary>Priority to use for this plugin</summary>
      <description>Priority to use for this plugin in unity-settings-daemon startup queue</description>
    </key>
    <key name="active" type="b">
      <default>true</default>
      <summary>Activation of this plugin</summary>
      <description>Whether this plugin would be activated by unity-settings-daemon or not</description>
    </key>
  </schema>
  <schema gettext-domain="gnome-settings-daemon" id="org.gnome.settings-daemon.plugins.background" path="/org/gnome/settings-daemon/plugins/background/">
   <key name="priority" type="i">
      <default>0</default>
      <summary>Priority to use for this plugin</summary>
      <description>Priority to use for this plugin in unity-settings-daemon startup queue</description>
    </key>
    <key name="active" type="b">
      <default>true</default>
      <summary>Activation of this plugin</summary>
      <description>Whether this plugin would be activated by unity-settings-daemon or not</description>
    </key>
   </schema>
  <schema gettext-domain="gnome-settings-daemon" id="org.gnome.settings-daemon.plugins.clipboard" path="/org/gnome/settings-daemon/plugins/clipboard/">
   <key name="priority" type="i">
      <default>0</default>
      <summary>Priority to use for this plugin</summary>
      <description>Priority to use for this plugin in unity-settings-daemon startup queue</description>
    </key>
    <key name="active" type="b">
      <default>true</default>
      <summary>Activation of this plugin</summary>
      <description>Whether this plugin would be activated by unity-settings-daemon or not</description>
    </key>
  </schema>
  <schema gettext-domain="gnome-settings-daemon" id="org.gnome.settings-daemon.plugins.cursor" path="/org/gnome/settings-daemon/plugins/cursor/">
   <key name="priority" type="i">
      <default>0</default>
      <summary>Priority to use for this plugin</summary>
      <description>Priority to use for this plugin in unity-settings-daemon startup queue</description>
    </key>
    <key name="active" type="b">
      <default>true</default>
      <summary>Activation of this plugin</summary>
      <description>Whether this plugin would be activated by unity-settings-daemon or not</description>
    </key>
  </schema>
  <schema gettext-domain="gnome-settings-daemon" id="org.gnome.settings-daemon.plugins.mouse" path="/org/gnome/settings-daemon/plugins/mouse/">
   <key name="priority" type="i">
      <default>0</default>
      <summary>Priority to use for this plugin</summary>
      <description>Priority to use for this plugin in unity-settings-daemon startup queue</description>
    </key>
    <key name="active" type="b">
      <default>true</default>
      <summary>Activation of this plugin</summary>
      <description>Whether this plugin would be activated by unity-settings-daemon or not</description>
    </key>
  </schema>
  <schema gettext-domain="gnome-settings-daemon" id="org.gnome.settings-daemon.plugins.remote-display" path="/org/gnome/settings-daemon/plugins/remote-display/">
   <key name="priority" type="i">
      <default>0</default>
      <summary>Priority to use for this plugin</summary>
      <description>Priority to use for this plugin in unity-settings-daemon startup queue</description>
    </key>
    <key name="active" type="b">
      <default>true</default>
      <summary>Activation of this plugin</summary>
       <description>Whether this plugin would be activated by unity-settings-daemon or not</description>
     </key>
  </schema>
  <schema gettext-domain="gnome-settings-daemon" id="org.gnome.settings-daemon.plugins.rfkill" path="/org/gnome/settings-daemon/plugins/rfkill/">
   <key name="priority" type="i">
      <default>0</default>
      <summary>Priority to use for this plugin</summary>
      <description>Priority to use for this plugin in unity-settings-daemon startup queue</description>
    </key>
    <key name="active" type="b">
      <default>true</default>
      <summary>Activation of this plugin</summary>
      <description>Whether this plugin would be activated by unity-settings-daemon or not</description>
    </key>
  </schema>
  <schema gettext-domain="gnome-settings-daemon" id="org.gnome.settings-daemon.plugins.screensaver-proxy" path="/org/gnome/settings-daemon/plugins/screensaver-proxy/">
   <key name="priority" type="i">
      <default>0</default>
      <summary>Priority to use for this plugin</summary>
      <description>Priority to use for this plugin in unity-settings-daemon startup queue</description>
    </key>
    <key name="active" type="b">
      <default>true</default>
      <summary>Activation of this plugin</summary>
      <description>Whether this plugin would be activated by unity-settings-daemon or not</description>
    </key>
  </schema>
  <schema gettext-domain="gnome-settings-daemon" id="org.gnome.settings-daemon.plugins.smartcard" path="/org/gnome/settings-daemon/plugins/smartcard/">
   <key name="priority" type="i">
      <default>0</default>
      <summary>Priority to use for this plugin</summary>
      <description>Priority to use for this plugin in unity-settings-daemon startup queue</description>
    </key>
    <key name="active" type="b">
      <default>true</default>
      <summary>Activation of this plugin</summary>
      <description>Whether this plugin would be activated by unity-settings-daemon or not</description>
    </key>
  </schema>
  <schema gettext-domain="gnome-settings-daemon" id="org.gnome.settings-daemon.plugins.sound" path="/org/gnome/settings-daemon/plugins/sound/">
   <key name="priority" type="i">
      <default>0</default>
      <summary>Priority to use for this plugin</summary>
      <description>Priority to use for this plugin in unity-settings-daemon startup queue</description>
    </key>
    <key name="active" type="b">
      <default>true</default>
      <summary>Activation of this plugin</summary>
      <description>Whether this plugin would be activated by unity-settings-daemon or not</description>
    </key>
  </schema>
</schemalist>
