<schemalist>
  <enum id="org.gnome.SimpleScan.PageSide">
    <value value="1" nick="front"/>
    <value value="2" nick="back"/>
    <value value="3" nick="both"/>
  </enum>

  <schema id="org.gnome.SimpleScan" path="/org/gnome/simple-scan/" gettext-domain="simple-scan">
    <key name="selected-device" type="s">
      <default>''</default>
      <summary>Device to scan from</summary>
      <description>SANE device to acquire images from.</description>
    </key>
    <key name="document-type" type="s">
      <default>'photo'</default>
      <choices>
        <choice value="text"/>
        <choice value="photo"/>
      </choices>
      <summary>Type of document being scanned</summary>
      <description>Type of document being scanned. This setting decides on the scan resolution, colors and post-processing.</description>
    </key>
    <key name="paper-width" type="i">
      <default>0</default>
      <summary>Width of paper in tenths of a mm</summary>
      <description>The width of the paper in tenths of a mm (or 0 for automatic paper detection).</description>
    </key>
    <key name="paper-height" type="i">
      <default>0</default>
      <summary>Height of paper in tenths of a mm</summary>
      <description>The height of the paper in tenths of a mm (or 0 for automatic paper detection).</description>
    </key>
    <key name="brightness" type="i">
      <default>0</default>
      <summary>Brightness of scan</summary>
      <description>The brightness adjustment from -100 to 100 (0 being none).</description>
    </key>
    <key name="contrast" type="i">
        <default>0</default>
        <summary>Contrast of scan</summary>
        <description>The contrast adjustment from -100 to 100 (0 being none).</description>
    </key>
    <key name="text-dpi" type="i">
      <default>150</default>
      <summary>Resolution for text scans</summary>
      <description>The resolution in dots-per-inch to use when scanning text.</description>
    </key>
    <key name="photo-dpi" type="i">
      <default>300</default>
      <summary>Resolution for photo scans</summary>
      <description>The resolution in dots-per-inch to use when scanning photos.</description>
    </key>
    <key name="page-side" enum="org.gnome.SimpleScan.PageSide">
      <default>'both'</default>
      <summary>Page side to scan</summary>
      <description>The page side to scan.</description>
    </key>
    <key name="save-directory" type="s">
      <default>''</default>
      <summary>Directory to save files to</summary>
      <description>The directory to save files to.  Defaults to the documents directory if unset.</description>
    </key>
    <key name="jpeg-quality" type="i">
      <range min="0" max="100"/>
      <default>75</default>
      <summary>Quality value to use for JPEG compression</summary>
      <description>Quality value to use for JPEG compression.</description>
    </key>
    <key name="page-delay" type="i">
      <range min="0" max="10000" />
      <default>1000</default>
      <summary>Delay in millisecond between pages</summary>
      <description>Delay in millisecond between pages.</description>
    </key>
  </schema>
</schemalist>
