<schemalist>
  <schema gettext-domain="gnome-control-center-2.0" id="org.gnome.ControlCenter" path="/org/gnome/control-center/">
    <key name="last-panel" type="s">
      <default>''</default>
      <summary>The identifier for the last Settings panel to be opened</summary>
      <description>
        The identifier for the last Settings panel to be opened. Unrecognised values
        will be ignored and the first panel in the list selected.
      </description>
    </key>
  </schema>
</schemalist>
