
<!-- This file is generated by glib-mkenums, do not modify it. This code is licensed under the same license as the containing project. Note that it links to GLib, so must comply with the LGPL linking clauses. -->

<schemalist>
<enum id="org.gnome.GWeather.GWeatherTemperatureUnit">
<value nick="invalid" value="0"/>
<value nick="default" value="1"/>
<value nick="kelvin" value="2"/>
<value nick="centigrade" value="3"/>
<value nick="fahrenheit" value="4"/>
</enum>
<enum id="org.gnome.GWeather.GWeatherSpeedUnit">
<value nick="invalid" value="0"/>
<value nick="default" value="1"/>
<value nick="ms" value="2"/>
<value nick="kph" value="3"/>
<value nick="mph" value="4"/>
<value nick="knots" value="5"/>
<value nick="bft" value="6"/>
</enum>
<enum id="org.gnome.GWeather.GWeatherPressureUnit">
<value nick="invalid" value="0"/>
<value nick="default" value="1"/>
<value nick="kpa" value="2"/>
<value nick="hpa" value="3"/>
<value nick="mb" value="4"/>
<value nick="mm-hg" value="5"/>
<value nick="inch-hg" value="6"/>
<value nick="atm" value="7"/>
</enum>
<enum id="org.gnome.GWeather.GWeatherDistanceUnit">
<value nick="invalid" value="0"/>
<value nick="default" value="1"/>
<value nick="meters" value="2"/>
<value nick="km" value="3"/>
<value nick="miles" value="4"/>
</enum>
<flags id="org.gnome.GWeather.GWeatherFormatOptions">
<value nick="default" value="0"/>
<value nick="sentence-capitalization" value="1"/>
<value nick="no-capitalization" value="2"/>
</flags>
</schemalist>

<!-- Generated data ends here -->

