
<!-- This file is generated by glib-mkenums, do not modify it. This code is licensed under the same license as the containing project. Note that it links to GLib, so must comply with the LGPL linking clauses. -->

<schemalist>
  <enum id="org.gnome.calendar.GcalTimeFormat">
    <value nick="12h" value="0"/>
    <value nick="24h" value="1"/>
  </enum>
  <enum id="org.gnome.calendar.GcalWindowView">
    <value nick="day" value="0"/>
    <value nick="week" value="1"/>
    <value nick="month" value="2"/>
    <value nick="year" value="3"/>
    <value nick="list" value="4"/>
    <value nick="search" value="5"/>
  </enum>
  <flags id="org.gnome.calendar.GcalWeekDay">
    <value nick="invalid" value="0"/>
    <value nick="sunday" value="1"/>
    <value nick="monday" value="2"/>
    <value nick="tuesday" value="4"/>
    <value nick="wednesday" value="8"/>
    <value nick="thursday" value="16"/>
    <value nick="friday" value="32"/>
    <value nick="saturday" value="64"/>
  </flags>
</schemalist>

<!-- Generated data ends here -->

