
<!-- This file is generated by glib-mkenums, do not modify it. This code is licensed under the same license as the containing project. Note that it links to GLib, so must comply with the LGPL linking clauses. -->

<schemalist>
  <enum id="org.gnome.todo.GtdWindowMode">
    <value nick="normal" value="0"/>
    <value nick="selection" value="1"/>
  </enum>
  <enum id="org.gnome.todo.GtdListSelectorViewType">
    <value nick="grid" value="0"/>
    <value nick="list" value="1"/>
  </enum>
</schemalist>

<!-- Generated data ends here -->

